test_year,outcome_years,group,n,base_rate,model,roc_auc,pr_auc,flagged,hits,precision_top,recall_top
2019,2020-2021,All hospitals,4200,0.1019047619047619,XGBoost,0.8224497279511602,0.4018370419497098,420,178,0.4238095238095238,0.4158878504672897
2019,2020-2021,All hospitals,4200,0.1019047619047619,Logistic regression,0.809103725433841,0.37410872586227983,420,161,0.38333333333333336,0.37616822429906543
2019,2020-2021,All hospitals,4200,0.1019047619047619,Rule: lost money 2+ years in a row,0.8061206033636932,0.3447002015804726,420,162,0.38571428571428573,0.37850467289719625
2019,2020-2021,All hospitals,4200,0.1019047619047619,Rule: lowest profit margin first,0.809135935223635,0.35515739945223146,420,169,0.4023809523809524,0.39485981308411217
2019,2020-2021,Made money this year,2971,0.03635139683608213,XGBoost,0.7149325364484288,0.07881256552151439,297,21,0.0707070707070707,0.19444444444444445
2019,2020-2021,Made money this year,2971,0.03635139683608213,Logistic regression,0.6670482917426682,0.057840664363766246,297,15,0.050505050505050504,0.1388888888888889
2019,2020-2021,Made money this year,2971,0.03635139683608213,Rule: lowest profit margin first,0.6448558233399309,0.06411392817018122,297,21,0.0707070707070707,0.19444444444444445
2020,2021-2022,All hospitals,4228,0.17313150425733206,XGBoost,0.7979607451451153,0.4701754494534277,423,228,0.5390070921985816,0.3114754098360656
2020,2021-2022,All hospitals,4228,0.17313150425733206,Logistic regression,0.7834058596241138,0.4459675949255724,423,211,0.4988179669030733,0.28825136612021857
2020,2021-2022,All hospitals,4228,0.17313150425733206,Rule: lost money 2+ years in a row,0.7542521273336585,0.42512479381874396,423,227,0.5366430260047281,0.31010928961748635
2020,2021-2022,All hospitals,4228,0.17313150425733206,Rule: lowest profit margin first,0.7521001753760738,0.4148992837411704,423,212,0.5011820330969267,0.2896174863387978
2020,2021-2022,Made money this year,3386,0.10809214412285884,XGBoost,0.7445400427025658,0.24321042113374494,339,90,0.26548672566371684,0.2459016393442623
2020,2021-2022,Made money this year,3386,0.10809214412285884,Logistic regression,0.7189610248615785,0.23560225927157596,339,93,0.2743362831858407,0.2540983606557377
2020,2021-2022,Made money this year,3386,0.10809214412285884,Rule: lowest profit margin first,0.6459319473093765,0.16917541991955676,339,72,0.21238938053097345,0.19672131147540983
2021,2022-2023,All hospitals,4219,0.24057833609860158,XGBoost,0.8192376524418369,0.5987022534371867,422,298,0.7061611374407583,0.2935960591133005
2021,2022-2023,All hospitals,4219,0.24057833609860158,Logistic regression,0.8074100723848884,0.5668467509895168,422,271,0.6421800947867299,0.26699507389162563
2021,2022-2023,All hospitals,4219,0.24057833609860158,Rule: lost money 2+ years in a row,0.7686015940665302,0.5415316037992891,422,290,0.6872037914691943,0.2857142857142857
2021,2022-2023,All hospitals,4219,0.24057833609860158,Rule: lowest profit margin first,0.7606813834923095,0.4923635116787135,422,243,0.5758293838862559,0.23940886699507388
2021,2022-2023,Made money this year,3184,0.157035175879397,XGBoost,0.7895335320417289,0.38098114567088714,318,147,0.46226415094339623,0.294
2021,2022-2023,Made money this year,3184,0.157035175879397,Logistic regression,0.7757675111773473,0.3742507989842894,318,141,0.44339622641509435,0.282
2021,2022-2023,Made money this year,3184,0.157035175879397,Rule: lowest profit margin first,0.6935480625931447,0.2886360483835481,318,118,0.3710691823899371,0.236
